[
  {
    "id": 31,
    "name": "Fire",
    "profession": "Elementalist",
    "elite": false,
    "minor_traits": [
      320,
      318,
      319
    ],
    "major_traits": [
      296,
      328,
      335,
      325,
      340,
      334,
      1510,
      294,
      1675
    ],
    "icon": "https://render.guildwars2.com/file/B4BDAB2452DEF1A34615DDC4F30A157DADC743C5/1011986.png",
    "background": "https://render.guildwars2.com/file/6BB3E8FDEA6E679050D59E411A4AA956D347B045/1012038.png"
  },
  {
    "id": 41,
    "name": "Air",
    "profession": "Elementalist",
    "elite": false,
    "minor_traits": [
      221,
      222,
      223
    ],
    "major_traits": [
      227,
      224,
      232,
      229,
      214,
      1502,
      226,
      1503,
      1672
    ],
    "icon": "https://render.guildwars2.com/file/D3DB62FF6055021A717F3C6A0C19502F2C4EC1FF/1011983.png",
    "background": "https://render.guildwars2.com/file/97BE972EC832ABC4F8645FF4A063EFF89B2942B8/1012034.png"
  },
  {
    "id": 26,
    "name": "Earth",
    "profession": "Elementalist",
    "elite": false,
    "minor_traits": [
      278,
      279,
      280
    ],
    "major_traits": [
      282,
      1507,
      289,
      275,
      281,
      277,
      1508,
      287,
      1674
    ],
    "icon": "https://render.guildwars2.com/file/BA6BC962A7ABA1330B3AC4141299397C0036559F/1011985.png",
    "background": "https://render.guildwars2.com/file/B9C5BE9716010E3F7F170A52B5B272327CDA49A1/1012037.png"
  },
  {
    "id": 17,
    "name": "Water",
    "profession": "Elementalist",
    "elite": false,
    "minor_traits": [
      350,
      351,
      1676
    ],
    "major_traits": [
      348,
      363,
      360,
      364,
      358,
      349,
      362,
      361,
      2028
    ],
    "icon": "https://render.guildwars2.com/file/A3D60C0EBE0B33907505C7DED0FD4E4DE565250F/1011987.png",
    "background": "https://render.guildwars2.com/file/F99A435D26057D6865ECBD0794B73D35A69FBB58/1012039.png"
  },
  {
    "id": 37,
    "name": "Arcane",
    "profession": "Elementalist",
    "elite": false,
    "minor_traits": [
      268,
      264,
      2004
    ],
    "major_traits": [
      253,
      266,
      1487,
      265,
      1673,
      257,
      238,
      263,
      1511
    ],
    "icon": "https://render.guildwars2.com/file/C7F4C199EC07D0E6CC9417C6F53F53FDD3F92947/1011984.png",
    "background": "https://render.guildwars2.com/file/01F1264B9F05CC52E46434C53DF6BA2A57CE21C5/1012035.png"
  },
  {
    "id": 48,
    "name": "Tempest",
    "profession": "Elementalist",
    "elite": true,
    "minor_traits": [
      2025,
      1938,
      1948
    ],
    "major_traits": [
      1952,
      1962,
      1886,
      1891,
      1902,
      2015,
      1839,
      2033,
      1986
    ],
    "weapon_trait": 2036,
    "icon": "https://render.guildwars2.com/file/D1970ABC09D07B4275C7E47DDD0EDC0F4CFC050C/1029930.png",
    "background": "https://render.guildwars2.com/file/D22197110A38F5651AA3F4C23914A197DD2C5BA1/1029936.png",
    "profession_icon_big": "https://render.guildwars2.com/file/CDE1093102F02010B30FB210F2AC77A5F00C2535/1128582.png",
    "profession_icon": "https://render.guildwars2.com/file/BC1D0645C1304238F6154C9F366DEBD014FD7AD4/1128583.png"
  },
  {
    "id": 56,
    "name": "Weaver",
    "profession": "Elementalist",
    "elite": true,
    "minor_traits": [
      2109,
      2077,
      2081
    ],
    "major_traits": [
      2177,
      2165,
      2115,
      2180,
      2061,
      2170,
      2131,
      2090,
      2138
    ],
    "weapon_trait": 2149,
    "icon": "https://render.guildwars2.com/file/02FAA82BF2F5BF3E3AD89BCF05FF56B4C86139F4/1769888.png",
    "background": "https://render.guildwars2.com/file/C3D501E451AD49310F05B40924B20A3B7CB14E07/1769897.png",
    "profession_icon_big": "https://render.guildwars2.com/file/06F17108155842F0C37F3E7EF901ABB17D0C9232/1670505.png",
    "profession_icon": "https://render.guildwars2.com/file/C4B549D62A43E1BF490197E212B21879C4214008/1670506.png"
  },
  {
    "id": 67,
    "name": "Catalyst",
    "profession": "Elementalist",
    "elite": true,
    "minor_traits": [
      2227,
      2250,
      2231
    ],
    "major_traits": [
      2230,
      2252,
      2224,
      2247,
      2249,
      2234,
      2233,
      2241,
      2251
    ],
    "weapon_trait": 2246,
    "icon": "https://render.guildwars2.com/file/1DF8CD361899081107B504A02B01C9B3B3645970/2491507.png",
    "background": "https://render.guildwars2.com/file/379EA2AA09ED39F1312B20A6FBA835C6F893FA2E/2491510.png",
    "profession_icon_big": "https://render.guildwars2.com/file/DE06FCD8ABFEC30139690E9E0B481AF4EDCE41B1/2491555.png",
    "profession_icon": "https://render.guildwars2.com/file/220F40016450052CAEB4E5BC7A5A9A6078F0F124/2491557.png"
  },
  {
    "id": 80,
    "name": "Evoker",
    "profession": "Elementalist",
    "elite": true,
    "minor_traits": [
      2344,
      2382,
      2351
    ],
    "major_traits": [
      2391,
      2415,
      2354,
      2342,
      2380,
      2438,
      2335,
      2436,
      2437
    ],
    "icon": "https://render.guildwars2.com/file/A80E0721636B027711E408BF0ADFDCD3330920AA/3679896.png",
    "background": "https://render.guildwars2.com/file/393A550E0EA1C4A9CB3FB9CD4AE4DDDC01E6C1D3/3679905.png",
    "profession_icon_big": "https://render.guildwars2.com/file/630FAA28AA0C38D3190F40091B2701A10244A046/3680059.png",
    "profession_icon": "https://render.guildwars2.com/file/B4132092D803E7BC12A6E0DC756CED4F945197D2/3680061.png"
  }
]