{
  "id": "Guardian",
  "name": "Guardian",
  "icon": "https://render.guildwars2.com/file/C32BE61FC55C962524624F643897ECF1A9C80462/156634.png",
  "icon_big": "https://render.guildwars2.com/file/6E0D0AC6E0CE5C0C29B3D736ABEA070F4A58540E/156633.png",
  "specializations": [
    42,
    16,
    13,
    49,
    46,
    27,
    62,
    65,
    81
  ],
  "weapons": {
    "Axe": {
      "specialization": 62,
      "flags": [
        "Mainhand"
      ],
      "skills": [
        {
          "id": 45047,
          "slot": "Weapon_1"
        },
        {
          "id": 40624,
          "slot": "Weapon_2"
        },
        {
          "id": 45402,
          "slot": "Weapon_3"
        }
      ]
    },
    "Focus": {
      "flags": [
        "Offhand"
      ],
      "skills": [
        {
          "id": 9112,
          "slot": "Weapon_4"
        },
        {
          "id": 9082,
          "slot": "Weapon_5"
        }
      ]
    },
    "Greatsword": {
      "flags": [
        "TwoHand"
      ],
      "skills": [
        {
          "id": 9137,
          "slot": "Weapon_1"
        },
        {
          "id": 9081,
          "slot": "Weapon_2"
        },
        {
          "id": 9080,
          "slot": "Weapon_3"
        },
        {
          "id": 9146,
          "slot": "Weapon_4"
        },
        {
          "id": 9147,
          "slot": "Weapon_5"
        }
      ]
    },
    "Hammer": {
      "flags": [
        "TwoHand"
      ],
      "skills": [
        {
          "id": 9159,
          "slot": "Weapon_1"
        },
        {
          "id": 9194,
          "slot": "Weapon_2"
        },
        {
          "id": 9260,
          "slot": "Weapon_3"
        },
        {
          "id": 9124,
          "slot": "Weapon_4"
        },
        {
          "id": 9195,
          "slot": "Weapon_5"
        }
      ]
    },
    "Spear": {
      "flags": [
        "TwoHand",
        "Aquatic"
      ],
      "skills": [
        {
          "id": 9189,
          "slot": "Weapon_1"
        },
        {
          "id": 73055,
          "slot": "Weapon_1"
        },
        {
          "id": 9190,
          "slot": "Weapon_2"
        },
        {
          "id": 72940,
          "slot": "Weapon_2"
        },
        {
          "id": 72978,
          "slot": "Weapon_3"
        },
        {
          "id": 9191,
          "slot": "Weapon_3"
        },
        {
          "id": 73094,
          "slot": "Weapon_4"
        },
        {
          "id": 9192,
          "slot": "Weapon_4"
        },
        {
          "id": 73132,
          "slot": "Weapon_5"
        },
        {
          "id": 9193,
          "slot": "Weapon_5"
        }
      ]
    },
    "Longbow": {
      "specialization": 27,
      "flags": [
        "TwoHand"
      ],
      "skills": [
        {
          "id": 30471,
          "slot": "Weapon_1"
        },
        {
          "id": 30229,
          "slot": "Weapon_2"
        },
        {
          "id": 29630,
          "slot": "Weapon_3"
        },
        {
          "id": 29789,
          "slot": "Weapon_4"
        },
        {
          "id": 30628,
          "slot": "Weapon_5"
        }
      ]
    },
    "Mace": {
      "flags": [
        "Mainhand"
      ],
      "skills": [
        {
          "id": 9109,
          "slot": "Weapon_1"
        },
        {
          "id": 9111,
          "slot": "Weapon_2"
        },
        {
          "id": 9086,
          "slot": "Weapon_3"
        }
      ]
    },
    "Pistol": {
      "flags": [
        "Mainhand",
        "Offhand"
      ],
      "skills": [
        {
          "id": 72031,
          "slot": "Weapon_1"
        },
        {
          "id": 71968,
          "slot": "Weapon_2"
        },
        {
          "id": 71987,
          "slot": "Weapon_3"
        },
        {
          "id": 71918,
          "slot": "Weapon_4"
        },
        {
          "id": 71817,
          "slot": "Weapon_5"
        }
      ]
    },
    "Scepter": {
      "flags": [
        "Mainhand"
      ],
      "skills": [
        {
          "id": 9098,
          "slot": "Weapon_1"
        },
        {
          "id": 9090,
          "slot": "Weapon_2"
        },
        {
          "id": 9099,
          "slot": "Weapon_3"
        }
      ]
    },
    "Shield": {
      "flags": [
        "Offhand"
      ],
      "skills": [
        {
          "id": 15834,
          "slot": "Weapon_4"
        },
        {
          "id": 9087,
          "slot": "Weapon_4"
        },
        {
          "id": 9091,
          "slot": "Weapon_5"
        }
      ]
    },
    "Staff": {
      "flags": [
        "TwoHand"
      ],
      "skills": [
        {
          "id": 9122,
          "slot": "Weapon_1"
        },
        {
          "id": 9140,
          "slot": "Weapon_2"
        },
        {
          "id": 9143,
          "slot": "Weapon_3"
        },
        {
          "id": 9265,
          "slot": "Weapon_4"
        },
        {
          "id": 9144,
          "slot": "Weapon_5"
        }
      ]
    },
    "Sword": {
      "flags": [
        "Mainhand",
        "Offhand"
      ],
      "skills": [
        {
          "id": 9105,
          "slot": "Weapon_1"
        },
        {
          "id": 9097,
          "slot": "Weapon_2"
        },
        {
          "id": 9107,
          "slot": "Weapon_3"
        },
        {
          "id": 62525,
          "slot": "Weapon_4"
        },
        {
          "id": 62650,
          "slot": "Weapon_5"
        }
      ]
    },
    "Torch": {
      "flags": [
        "Offhand"
      ],
      "skills": [
        {
          "id": 9104,
          "slot": "Weapon_4"
        },
        {
          "id": 9088,
          "slot": "Weapon_5"
        }
      ]
    },
    "Trident": {
      "flags": [
        "TwoHand",
        "Aquatic"
      ],
      "skills": [
        {
          "id": 9205,
          "slot": "Weapon_1"
        },
        {
          "id": 9207,
          "slot": "Weapon_2"
        },
        {
          "id": 9208,
          "slot": "Weapon_3"
        },
        {
          "id": 9209,
          "slot": "Weapon_4"
        },
        {
          "id": 9206,
          "slot": "Weapon_5"
        }
      ]
    }
  },
  "flags": [],
  "skills": [
    {
      "id": 9115,
      "slot": "Profession_1",
      "type": "Profession"
    },
    {
      "id": 9118,
      "slot": "Profession_3",
      "type": "Profession"
    },
    {
      "id": 9120,
      "slot": "Profession_2",
      "type": "Profession"
    },
    {
      "id": 9102,
      "slot": "Heal",
      "type": "Heal"
    },
    {
      "id": 9158,
      "slot": "Heal",
      "type": "Heal"
    },
    {
      "id": 9083,
      "slot": "Heal",
      "type": "Heal"
    },
    {
      "id": 21664,
      "slot": "Heal",
      "type": "Heal"
    },
    {
      "id": 9125,
      "slot": "Utility",
      "type": "Utility"
    },
    {
      "id": 9168,
      "slot": "Utility",
      "type": "Utility"
    },
    {
      "id": 9175,
      "slot": "Utility",
      "type": "Utility"
    },
    {
      "id": 9182,
      "slot": "Utility",
      "type": "Utility"
    },
    {
      "id": 9093,
      "slot": "Utility",
      "type": "Utility"
    },
    {
      "id": 9150,
      "slot": "Utility",
      "type": "Utility"
    },
    {
      "id": 9151,
      "slot": "Utility",
      "type": "Utility"
    },
    {
      "id": 9163,
      "slot": "Utility",
      "type": "Utility"
    },
    {
      "id": 9084,
      "slot": "Utility",
      "type": "Utility"
    },
    {
      "id": 9085,
      "slot": "Utility",
      "type": "Utility"
    },
    {
      "id": 9153,
      "slot": "Utility",
      "type": "Utility"
    },
    {
      "id": 9152,
      "slot": "Utility",
      "type": "Utility"
    },
    {
      "id": 9251,
      "slot": "Utility",
      "type": "Utility"
    },
    {
      "id": 9187,
      "slot": "Utility",
      "type": "Utility"
    },
    {
      "id": 9253,
      "slot": "Utility",
      "type": "Utility"
    },
    {
      "id": 9128,
      "slot": "Utility",
      "type": "Utility"
    },
    {
      "id": 9245,
      "slot": "Utility",
      "type": "Utility"
    },
    {
      "id": 9248,
      "slot": "Utility",
      "type": "Utility"
    },
    {
      "id": 9247,
      "slot": "Utility",
      "type": "Utility"
    },
    {
      "id": 9246,
      "slot": "Utility",
      "type": "Utility"
    },
    {
      "id": 29965,
      "slot": "Elite",
      "type": "Elite"
    },
    {
      "id": 9154,
      "slot": "Elite",
      "type": "Elite"
    },
    {
      "id": 30461,
      "slot": "Elite",
      "type": "Elite"
    },
    {
      "id": 30025,
      "slot": "Heal",
      "type": "Heal"
    },
    {
      "id": 29786,
      "slot": "Utility",
      "type": "Utility"
    },
    {
      "id": 30553,
      "slot": "Utility",
      "type": "Utility"
    },
    {
      "id": 30364,
      "slot": "Utility",
      "type": "Utility"
    },
    {
      "id": 30871,
      "slot": "Utility",
      "type": "Utility"
    },
    {
      "id": 30273,
      "slot": "Elite",
      "type": "Elite"
    },
    {
      "id": 41714,
      "slot": "Heal",
      "type": "Heal"
    },
    {
      "id": 40915,
      "slot": "Utility",
      "type": "Utility"
    },
    {
      "id": 46148,
      "slot": "Utility",
      "type": "Utility"
    },
    {
      "id": 44080,
      "slot": "Utility",
      "type": "Utility"
    },
    {
      "id": 45460,
      "slot": "Utility",
      "type": "Utility"
    },
    {
      "id": 43357,
      "slot": "Elite",
      "type": "Elite"
    },
    {
      "id": 44364,
      "slot": "Profession_1",
      "type": "Profession"
    },
    {
      "id": 41780,
      "slot": "Profession_2",
      "type": "Profession"
    },
    {
      "id": 42259,
      "slot": "Profession_3",
      "type": "Profession"
    },
    {
      "id": 42371,
      "slot": "Profession_3",
      "type": "Profession"
    },
    {
      "id": 41380,
      "slot": "Profession_1",
      "type": "Profession"
    },
    {
      "id": 62622,
      "slot": "Heal",
      "type": "Heal"
    },
    {
      "id": 62561,
      "slot": "Elite",
      "type": "Elite"
    },
    {
      "id": 62608,
      "slot": "Utility",
      "type": "Utility"
    },
    {
      "id": 62521,
      "slot": "Utility",
      "type": "Utility"
    },
    {
      "id": 62565,
      "slot": "Utility",
      "type": "Utility"
    },
    {
      "id": 62549,
      "slot": "Utility",
      "type": "Utility"
    },
    {
      "id": 62668,
      "slot": "Profession_1",
      "type": "Profession"
    },
    {
      "id": 62603,
      "slot": "Profession_2",
      "type": "Profession"
    },
    {
      "id": 62648,
      "slot": "Profession_3",
      "type": "Profession"
    },
    {
      "id": 76621,
      "slot": "Heal",
      "type": "Heal"
    },
    {
      "id": 76687,
      "slot": "Elite",
      "type": "Elite"
    },
    {
      "id": 77321,
      "slot": "Utility",
      "type": "Utility"
    },
    {
      "id": 77078,
      "slot": "Utility",
      "type": "Utility"
    },
    {
      "id": 76813,
      "slot": "Utility",
      "type": "Utility"
    },
    {
      "id": 77300,
      "slot": "Utility",
      "type": "Utility"
    },
    {
      "id": 78837,
      "slot": "Profession_1",
      "type": "Profession"
    },
    {
      "id": 78604,
      "slot": "Profession_2",
      "type": "Profession"
    },
    {
      "id": 78358,
      "slot": "Profession_3",
      "type": "Profession"
    },
    {
      "id": 77073,
      "slot": "Profession_4",
      "type": "Profession"
    }
  ],
  "training": [
    {
      "id": 26,
      "category": "Skills",
      "name": "Spirit Weapon Training",
      "track": [
        {
          "cost": 2,
          "type": "Skill",
          "skill_id": 9168
        },
        {
          "cost": 5,
          "type": "Skill",
          "skill_id": 9182
        },
        {
          "cost": 9,
          "type": "Skill",
          "skill_id": 9175
        },
        {
          "cost": 13,
          "type": "Skill",
          "skill_id": 9125
        }
      ]
    },
    {
      "id": 74,
      "category": "Skills",
      "name": "Signet Training",
      "track": [
        {
          "cost": 2,
          "type": "Skill",
          "skill_id": 9158
        },
        {
          "cost": 4,
          "type": "Skill",
          "skill_id": 9151
        },
        {
          "cost": 7,
          "type": "Skill",
          "skill_id": 9150
        },
        {
          "cost": 11,
          "type": "Skill",
          "skill_id": 9093
        },
        {
          "cost": 15,
          "type": "Skill",
          "skill_id": 9163
        },
        {
          "cost": 24,
          "type": "Skill",
          "skill_id": 30461
        }
      ]
    },
    {
      "id": 97,
      "category": "Skills",
      "name": "Meditation Training",
      "track": [
        {
          "cost": 2,
          "type": "Skill",
          "skill_id": 21664
        },
        {
          "cost": 4,
          "type": "Skill",
          "skill_id": 9246
        },
        {
          "cost": 7,
          "type": "Skill",
          "skill_id": 9245
        },
        {
          "cost": 11,
          "type": "Skill",
          "skill_id": 9247
        },
        {
          "cost": 15,
          "type": "Skill",
          "skill_id": 9248
        },
        {
          "cost": 24,
          "type": "Skill",
          "skill_id": 9154
        }
      ]
    },
    {
      "id": 92,
      "category": "Skills",
      "name": "Consecration Training",
      "track": [
        {
          "cost": 2,
          "type": "Skill",
          "skill_id": 9128
        },
        {
          "cost": 5,
          "type": "Skill",
          "skill_id": 9187
        },
        {
          "cost": 9,
          "type": "Skill",
          "skill_id": 9253
        },
        {
          "cost": 13,
          "type": "Skill",
          "skill_id": 9251
        }
      ]
    },
    {
      "id": 104,
      "category": "Skills",
      "name": "Shout Training",
      "track": [
        {
          "cost": 2,
          "type": "Skill",
          "skill_id": 9083
        },
        {
          "cost": 4,
          "type": "Skill",
          "skill_id": 9084
        },
        {
          "cost": 7,
          "type": "Skill",
          "skill_id": 9085
        },
        {
          "cost": 11,
          "type": "Skill",
          "skill_id": 9153
        },
        {
          "cost": 15,
          "type": "Skill",
          "skill_id": 9152
        },
        {
          "cost": 24,
          "type": "Skill",
          "skill_id": 29965
        }
      ]
    },
    {
      "id": 103,
      "category": "Specializations",
      "name": "Zeal",
      "track": [
        {
          "cost": 2,
          "type": "Trait",
          "trait_id": 648
        },
        {
          "cost": 5,
          "type": "Trait",
          "trait_id": 563
        },
        {
          "cost": 8,
          "type": "Trait",
          "trait_id": 634
        },
        {
          "cost": 11,
          "type": "Trait",
          "trait_id": 1925
        },
        {
          "cost": 15,
          "type": "Trait",
          "trait_id": 646
        },
        {
          "cost": 20,
          "type": "Trait",
          "trait_id": 628
        },
        {
          "cost": 25,
          "type": "Trait",
          "trait_id": 653
        },
        {
          "cost": 30,
          "type": "Trait",
          "trait_id": 1556
        },
        {
          "cost": 36,
          "type": "Trait",
          "trait_id": 649
        },
        {
          "cost": 44,
          "type": "Trait",
          "trait_id": 635
        },
        {
          "cost": 52,
          "type": "Trait",
          "trait_id": 637
        },
        {
          "cost": 60,
          "type": "Trait",
          "trait_id": 2017
        }
      ]
    },
    {
      "id": 100,
      "category": "Specializations",
      "name": "Radiance",
      "track": [
        {
          "cost": 2,
          "type": "Trait",
          "trait_id": 572
        },
        {
          "cost": 5,
          "type": "Trait",
          "trait_id": 577
        },
        {
          "cost": 8,
          "type": "Trait",
          "trait_id": 566
        },
        {
          "cost": 11,
          "type": "Trait",
          "trait_id": 574
        },
        {
          "cost": 15,
          "type": "Trait",
          "trait_id": 571
        },
        {
          "cost": 20,
          "type": "Trait",
          "trait_id": 578
        },
        {
          "cost": 25,
          "type": "Trait",
          "trait_id": 567
        },
        {
          "cost": 30,
          "type": "Trait",
          "trait_id": 565
        },
        {
          "cost": 36,
          "type": "Trait",
          "trait_id": 568
        },
        {
          "cost": 44,
          "type": "Trait",
          "trait_id": 1686
        },
        {
          "cost": 52,
          "type": "Trait",
          "trait_id": 579
        },
        {
          "cost": 60,
          "type": "Trait",
          "trait_id": 1683
        }
      ]
    },
    {
      "id": 24,
      "category": "Specializations",
      "name": "Valor",
      "track": [
        {
          "cost": 2,
          "type": "Trait",
          "trait_id": 582
        },
        {
          "cost": 5,
          "type": "Trait",
          "trait_id": 588
        },
        {
          "cost": 8,
          "type": "Trait",
          "trait_id": 581
        },
        {
          "cost": 11,
          "type": "Trait",
          "trait_id": 633
        },
        {
          "cost": 15,
          "type": "Trait",
          "trait_id": 594
        },
        {
          "cost": 20,
          "type": "Trait",
          "trait_id": 580
        },
        {
          "cost": 25,
          "type": "Trait",
          "trait_id": 584
        },
        {
          "cost": 30,
          "type": "Trait",
          "trait_id": 1684
        },
        {
          "cost": 36,
          "type": "Trait",
          "trait_id": 583
        },
        {
          "cost": 44,
          "type": "Trait",
          "trait_id": 585
        },
        {
          "cost": 52,
          "type": "Trait",
          "trait_id": 586
        },
        {
          "cost": 60,
          "type": "Trait",
          "trait_id": 589
        }
      ]
    },
    {
      "id": 45,
      "category": "Specializations",
      "name": "Honor",
      "track": [
        {
          "cost": 2,
          "type": "Trait",
          "trait_id": 564
        },
        {
          "cost": 5,
          "type": "Trait",
          "trait_id": 1899
        },
        {
          "cost": 8,
          "type": "Trait",
          "trait_id": 559
        },
        {
          "cost": 11,
          "type": "Trait",
          "trait_id": 654
        },
        {
          "cost": 15,
          "type": "Trait",
          "trait_id": 551
        },
        {
          "cost": 20,
          "type": "Trait",
          "trait_id": 557
        },
        {
          "cost": 25,
          "type": "Trait",
          "trait_id": 549
        },
        {
          "cost": 30,
          "type": "Trait",
          "trait_id": 562
        },
        {
          "cost": 36,
          "type": "Trait",
          "trait_id": 1685
        },
        {
          "cost": 44,
          "type": "Trait",
          "trait_id": 553
        },
        {
          "cost": 52,
          "type": "Trait",
          "trait_id": 558
        },
        {
          "cost": 60,
          "type": "Trait",
          "trait_id": 1682
        }
      ]
    },
    {
      "id": 30,
      "category": "Specializations",
      "name": "Virtues",
      "track": [
        {
          "cost": 2,
          "type": "Trait",
          "trait_id": 621
        },
        {
          "cost": 5,
          "type": "Trait",
          "trait_id": 624
        },
        {
          "cost": 8,
          "type": "Trait",
          "trait_id": 625
        },
        {
          "cost": 11,
          "type": "Trait",
          "trait_id": 617
        },
        {
          "cost": 15,
          "type": "Trait",
          "trait_id": 604
        },
        {
          "cost": 20,
          "type": "Trait",
          "trait_id": 603
        },
        {
          "cost": 25,
          "type": "Trait",
          "trait_id": 610
        },
        {
          "cost": 30,
          "type": "Trait",
          "trait_id": 587
        },
        {
          "cost": 36,
          "type": "Trait",
          "trait_id": 620
        },
        {
          "cost": 44,
          "type": "Trait",
          "trait_id": 622
        },
        {
          "cost": 52,
          "type": "Trait",
          "trait_id": 554
        },
        {
          "cost": 60,
          "type": "Trait",
          "trait_id": 612
        }
      ]
    },
    {
      "id": 85,
      "category": "EliteSpecializations",
      "name": "Dragonhunter",
      "track": [
        {
          "cost": 30,
          "type": "Trait",
          "trait_id": 1826
        },
        {
          "cost": 40,
          "type": "Trait",
          "trait_id": 1848
        },
        {
          "cost": 55,
          "type": "Skill",
          "skill_id": 30025
        },
        {
          "cost": 65,
          "type": "Trait",
          "trait_id": 1898
        },
        {
          "cost": 75,
          "type": "Trait",
          "trait_id": 1983
        },
        {
          "cost": 85,
          "type": "Trait",
          "trait_id": 1911
        },
        {
          "cost": 95,
          "type": "Trait",
          "trait_id": 1896
        },
        {
          "cost": 110,
          "type": "Skill",
          "skill_id": 29786
        },
        {
          "cost": 125,
          "type": "Skill",
          "skill_id": 30553
        },
        {
          "cost": 135,
          "type": "Trait",
          "trait_id": 2037
        },
        {
          "cost": 145,
          "type": "Trait",
          "trait_id": 1835
        },
        {
          "cost": 155,
          "type": "Trait",
          "trait_id": 1943
        },
        {
          "cost": 165,
          "type": "Trait",
          "trait_id": 1926
        },
        {
          "cost": 180,
          "type": "Skill",
          "skill_id": 30364
        },
        {
          "cost": 190,
          "type": "Trait",
          "trait_id": 1908
        },
        {
          "cost": 200,
          "type": "Trait",
          "trait_id": 1963
        },
        {
          "cost": 210,
          "type": "Trait",
          "trait_id": 1955
        },
        {
          "cost": 225,
          "type": "Skill",
          "skill_id": 30871
        },
        {
          "cost": 250,
          "type": "Skill",
          "skill_id": 30273
        }
      ]
    },
    {
      "id": 417,
      "category": "EliteSpecializations",
      "name": "Firebrand",
      "track": [
        {
          "cost": 30,
          "type": "Trait",
          "trait_id": 2073
        },
        {
          "cost": 40,
          "type": "Trait",
          "trait_id": 2089
        },
        {
          "cost": 50,
          "type": "Trait",
          "trait_id": 2101
        },
        {
          "cost": 60,
          "type": "Trait",
          "trait_id": 2062
        },
        {
          "cost": 70,
          "type": "Trait",
          "trait_id": 2076
        },
        {
          "cost": 80,
          "type": "Trait",
          "trait_id": 2148
        },
        {
          "cost": 90,
          "type": "Trait",
          "trait_id": 2179
        },
        {
          "cost": 105,
          "type": "Skill",
          "skill_id": 41714
        },
        {
          "cost": 120,
          "type": "Skill",
          "skill_id": 46148
        },
        {
          "cost": 130,
          "type": "Trait",
          "trait_id": 2075
        },
        {
          "cost": 140,
          "type": "Trait",
          "trait_id": 2063
        },
        {
          "cost": 150,
          "type": "Trait",
          "trait_id": 2105
        },
        {
          "cost": 165,
          "type": "Skill",
          "skill_id": 44080
        },
        {
          "cost": 180,
          "type": "Skill",
          "skill_id": 45460
        },
        {
          "cost": 190,
          "type": "Trait",
          "trait_id": 2086
        },
        {
          "cost": 200,
          "type": "Trait",
          "trait_id": 2116
        },
        {
          "cost": 210,
          "type": "Trait",
          "trait_id": 2159
        },
        {
          "cost": 225,
          "type": "Skill",
          "skill_id": 40915
        },
        {
          "cost": 250,
          "type": "Skill",
          "skill_id": 43357
        }
      ]
    },
    {
      "id": 466,
      "category": "EliteSpecializations",
      "name": "Willbender",
      "track": [
        {
          "cost": 30,
          "type": "Trait",
          "trait_id": 2196
        },
        {
          "cost": 40,
          "type": "Trait",
          "trait_id": 2200
        },
        {
          "cost": 50,
          "type": "Trait",
          "trait_id": 2190
        },
        {
          "cost": 60,
          "type": "Trait",
          "trait_id": 2222
        },
        {
          "cost": 70,
          "type": "Trait",
          "trait_id": 2210
        },
        {
          "cost": 80,
          "type": "Trait",
          "trait_id": 2189
        },
        {
          "cost": 90,
          "type": "Trait",
          "trait_id": 2201
        },
        {
          "cost": 105,
          "type": "Skill",
          "skill_id": 62622
        },
        {
          "cost": 120,
          "type": "Skill",
          "skill_id": 62608
        },
        {
          "cost": 130,
          "type": "Trait",
          "trait_id": 2191
        },
        {
          "cost": 140,
          "type": "Trait",
          "trait_id": 2197
        },
        {
          "cost": 150,
          "type": "Trait",
          "trait_id": 2195
        },
        {
          "cost": 165,
          "type": "Skill",
          "skill_id": 62521
        },
        {
          "cost": 180,
          "type": "Skill",
          "skill_id": 62565
        },
        {
          "cost": 190,
          "type": "Trait",
          "trait_id": 2187
        },
        {
          "cost": 200,
          "type": "Trait",
          "trait_id": 2199
        },
        {
          "cost": 210,
          "type": "Trait",
          "trait_id": 2198
        },
        {
          "cost": 225,
          "type": "Skill",
          "skill_id": 62549
        },
        {
          "cost": 250,
          "type": "Skill",
          "skill_id": 62561
        }
      ]
    },
    {
      "id": 521,
      "category": "EliteSpecializations",
      "name": "Luminary",
      "track": [
        {
          "cost": 40,
          "type": "Trait",
          "trait_id": 2381
        },
        {
          "cost": 50,
          "type": "Trait",
          "trait_id": 2417
        },
        {
          "cost": 60,
          "type": "Trait",
          "trait_id": 2394
        },
        {
          "cost": 70,
          "type": "Trait",
          "trait_id": 2401
        },
        {
          "cost": 80,
          "type": "Trait",
          "trait_id": 2435
        },
        {
          "cost": 90,
          "type": "Trait",
          "trait_id": 2328
        },
        {
          "cost": 105,
          "type": "Skill",
          "skill_id": 76621
        },
        {
          "cost": 120,
          "type": "Skill",
          "skill_id": 77321
        },
        {
          "cost": 130,
          "type": "Trait",
          "trait_id": 2410
        },
        {
          "cost": 140,
          "type": "Trait",
          "trait_id": 2330
        },
        {
          "cost": 150,
          "type": "Trait",
          "trait_id": 2368
        },
        {
          "cost": 165,
          "type": "Skill",
          "skill_id": 77078
        },
        {
          "cost": 180,
          "type": "Skill",
          "skill_id": 76813
        },
        {
          "cost": 190,
          "type": "Trait",
          "trait_id": 2329
        },
        {
          "cost": 200,
          "type": "Trait",
          "trait_id": 2419
        },
        {
          "cost": 210,
          "type": "Trait",
          "trait_id": 2388
        },
        {
          "cost": 225,
          "type": "Skill",
          "skill_id": 77300
        },
        {
          "cost": 250,
          "type": "Skill",
          "skill_id": 76687
        }
      ]
    }
  ]
}