{
  "Guardian": [
    {
      "id": 42,
      "name": "Zeal",
      "profession": "Guardian",
      "elite": false,
      "minor_traits": [
        648,
        646,
        649
      ],
      "major_traits": [
        563,
        634,
        1925,
        628,
        653,
        1556,
        635,
        637,
        2017
      ],
      "icon": "https://render.guildwars2.com/file/479676FC6349C7A12D429B685F0D4205ABFF2F94/1011999.png",
      "background": "https://render.guildwars2.com/file/9244C9726D2AD30F9D7E22CF5C7A49601BFAFCC0/1012050.png"
    },
    {
      "id": 16,
      "name": "Radiance",
      "profession": "Guardian",
      "elite": false,
      "minor_traits": [
        572,
        571,
        568
      ],
      "major_traits": [
        577,
        566,
        574,
        578,
        567,
        565,
        1686,
        579,
        1683
      ],
      "icon": "https://render.guildwars2.com/file/16A05D047DFC0828D0E496F46FD8B20F97B42EB3/1011996.png",
      "background": "https://render.guildwars2.com/file/9BE9604B0378D103EB2F551730BF802F2B1F3AA0/1012047.png"
    },
    {
      "id": 13,
      "name": "Valor",
      "profession": "Guardian",
      "elite": false,
      "minor_traits": [
        582,
        594,
        583
      ],
      "major_traits": [
        588,
        581,
        633,
        580,
        584,
        1684,
        585,
        586,
        589
      ],
      "icon": "https://render.guildwars2.com/file/F8A95D6D3904A1F6430CF2D33A02FDF2A6132037/1011997.png",
      "background": "https://render.guildwars2.com/file/12B4C72ADCE4EF2890606111B400630F3832F83D/1012048.png"
    },
    {
      "id": 49,
      "name": "Honor",
      "profession": "Guardian",
      "elite": false,
      "minor_traits": [
        564,
        551,
        1685
      ],
      "major_traits": [
        1899,
        559,
        654,
        557,
        549,
        562,
        553,
        558,
        1682
      ],
      "icon": "https://render.guildwars2.com/file/A4C0E39152B005EE226DA56D010DEEABB1ADBF2B/1011995.png",
      "background": "https://render.guildwars2.com/file/98C3AB64254E61E59D03D3AF29D75314730E9E72/1012046.png"
    },
    {
      "id": 46,
      "name": "Virtues",
      "profession": "Guardian",
      "elite": false,
      "minor_traits": [
        621,
        604,
        620
      ],
      "major_traits": [
        624,
        625,
        617,
        603,
        610,
        587,
        622,
        554,
        612
      ],
      "icon": "https://render.guildwars2.com/file/E165042F92999B3BEFA91E280CB807F62EF30218/1011998.png",
      "background": "https://render.guildwars2.com/file/08FE79184543F8314648D3104268789B484AB0BF/1012049.png"
    },
    {
      "id": 27,
      "name": "Dragonhunter",
      "profession": "Guardian",
      "elite": true,
      "minor_traits": [
        1848,
        1896,
        1926
      ],
      "major_traits": [
        1898,
        1983,
        1911,
        2037,
        1835,
        1943,
        1908,
        1963,
        1955
      ],
      "weapon_trait": 1826,
      "icon": "https://render.guildwars2.com/file/736DB02E6DA2ACFAD3B9B0F4655113AD214FFA40/1011994.png",
      "background": "https://render.guildwars2.com/file/6BD5F59A7A0EF4F20C1B1D216AFE2B084CC19FF4/1012045.png",
      "profession_icon_big": "https://render.guildwars2.com/file/1B3B15431B002C09BDABEB7C0E28FCF764FDDB23/1128572.png",
      "profession_icon": "https://render.guildwars2.com/file/4161C630AA50667FDCBF01042D07021CE44451C9/1128573.png"
    },
    {
      "id": 62,
      "name": "Firebrand",
      "profession": "Guardian",
      "elite": true,
      "minor_traits": [
        2089,
        2062,
        2148
      ],
      "major_traits": [
        2075,
        2101,
        2086,
        2063,
        2076,
        2116,
        2105,
        2179,
        2159
      ],
      "weapon_trait": 2073,
      "icon": "https://render.guildwars2.com/file/6D18B2D3EE0BFA0E4BC851A7D3C39D4330250916/1769890.png",
      "background": "https://render.guildwars2.com/file/7E6454FF9A13DBE93873AF72E192A74622990171/1769899.png",
      "profession_icon_big": "https://render.guildwars2.com/file/AA12C93CBF5D25E40409060D5CD69E27F72B0892/1770210.png",
      "profession_icon": "https://render.guildwars2.com/file/A1287D0FD1159CAC3A58C212C94A4BD0AB32A8D3/1770211.png"
    },
    {
      "id": 65,
      "name": "Willbender",
      "profession": "Guardian",
      "elite": true,
      "minor_traits": [
        2200,
        2222,
        2189
      ],
      "major_traits": [
        2191,
        2190,
        2187,
        2197,
        2210,
        2199,
        2195,
        2201,
        2198
      ],
      "weapon_trait": 2196,
      "icon": "https://render.guildwars2.com/file/117F4659C3AD0AF6625D51013F03D541BEF2E8A6/2479302.png",
      "background": "https://render.guildwars2.com/file/D90821BEE9EC0D7BBE3B462A6D44D4625BAFF198/2479305.png",
      "profession_icon_big": "https://render.guildwars2.com/file/5BC4A4805DCBACAE47E7F9F7DEDE41A9AC25B10A/2479351.png",
      "profession_icon": "https://render.guildwars2.com/file/0AF79DC205A1E14422720079BBAC05E35BCDB07E/2479353.png"
    },
    {
      "id": 81,
      "name": "Luminary",
      "profession": "Guardian",
      "elite": true,
      "minor_traits": [
        2381,
        2394,
        2435
      ],
      "major_traits": [
        2410,
        2417,
        2329,
        2330,
        2401,
        2419,
        2368,
        2328,
        2388
      ],
      "icon": "https://render.guildwars2.com/file/034C203DBD60CFF19D3D5CE9E71B27CA0103F50D/3679898.png",
      "background": "https://render.guildwars2.com/file/AF9E19ADE842E1661324EDC6AAAEF7B2933CF132/3679907.png",
      "profession_icon_big": "https://render.guildwars2.com/file/19D81DA43ACDC671E9695DD21BD944382855CF08/3680067.png",
      "profession_icon": "https://render.guildwars2.com/file/F6BDFD499FD0DAE1A436AAC36E5A970A3A782509/3680069.png"
    }
  ],
  "Warrior": [
    {
      "id": 4,
      "name": "Strength",
      "profession": "Warrior",
      "elite": false,
      "minor_traits": [
        1446,
        1448,
        1453
      ],
      "major_traits": [
        1447,
        1451,
        1444,
        2000,
        1338,
        1449,
        1437,
        1454,
        1440
      ],
      "icon": "https://render.guildwars2.com/file/0D48C40A1C042B0BC6DAA4B91AB272E5E90C934C/1012032.png",
      "background": "https://render.guildwars2.com/file/09160450B40ED777650F632F2CE82504B90F5644/1012109.png"
    },
    {
      "id": 36,
      "name": "Arms",
      "profession": "Warrior",
      "elite": false,
      "minor_traits": [
        1342,
        1343,
        1337
      ],
      "major_traits": [
        1455,
        1344,
        1334,
        1315,
        1316,
        1333,
        1336,
        1346,
        1707
      ],
      "icon": "https://render.guildwars2.com/file/03754E10970D0C68D76A1955245D7CB39AA21E59/1012029.png",
      "background": "https://render.guildwars2.com/file/0A08B2DC35C8D22CC07B9F4C9023F7E9734C1B27/1012105.png"
    },
    {
      "id": 22,
      "name": "Defense",
      "profession": "Warrior",
      "elite": false,
      "minor_traits": [
        1350,
        1348,
        1380
      ],
      "major_traits": [
        1376,
        1488,
        1372,
        1368,
        1379,
        1367,
        1375,
        1649,
        1708
      ],
      "icon": "https://render.guildwars2.com/file/5F0B793A5479007078067CD71D0E01B30602189B/1012030.png",
      "background": "https://render.guildwars2.com/file/E0190E3B3745AA61D32CFF92C1FEFFFB56A90D4C/1012107.png"
    },
    {
      "id": 11,
      "name": "Tactics",
      "profession": "Warrior",
      "elite": false,
      "minor_traits": [
        1480,
        1485,
        1481
      ],
      "major_traits": [
        1469,
        1474,
        1471,
        1486,
        1479,
        1482,
        1667,
        1470,
        1711
      ],
      "icon": "https://render.guildwars2.com/file/373162E8DED2793801194E622FEDEF2DBBDA6F10/1012033.png",
      "background": "https://render.guildwars2.com/file/6FCF0E0E0C0E539290A8245F0DA49D0556D71E62/1012110.png"
    },
    {
      "id": 51,
      "name": "Discipline",
      "profession": "Warrior",
      "elite": false,
      "minor_traits": [
        1415,
        1416,
        1417
      ],
      "major_traits": [
        1329,
        1413,
        1381,
        1484,
        1489,
        1709,
        1369,
        1317,
        1657
      ],
      "icon": "https://render.guildwars2.com/file/D10B771D01C85DA404472EE90F35EF15B0B36240/1012031.png",
      "background": "https://render.guildwars2.com/file/2B80CF6504DA1B0DC8470D45ED5BE9992BEEC2B7/1012108.png"
    },
    {
      "id": 18,
      "name": "Berserker",
      "profession": "Warrior",
      "elite": true,
      "minor_traits": [
        1831,
        1993,
        2046
      ],
      "major_traits": [
        2049,
        2039,
        1977,
        2011,
        2042,
        2002,
        1928,
        2038,
        2307
      ],
      "weapon_trait": 1829,
      "icon": "https://render.guildwars2.com/file/B706475993F16D0BD7DFDF3BB30AA144051CDC94/1029935.png",
      "background": "https://render.guildwars2.com/file/665548439B5F7AB8CA63F46906A0630DAAF6069F/1012106.png",
      "profession_icon_big": "https://render.guildwars2.com/file/E39819140FF49CB5C800B064E17EA221C909DFD5/1128566.png",
      "profession_icon": "https://render.guildwars2.com/file/3111C4ACA223F8B654B3453A42F7539D64EE953A/1128567.png"
    },
    {
      "id": 61,
      "name": "Spellbreaker",
      "profession": "Warrior",
      "elite": true,
      "minor_traits": [
        2175,
        2162,
        2130
      ],
      "major_traits": [
        2107,
        2153,
        2140,
        2126,
        2097,
        2095,
        2163,
        2168,
        2060
      ],
      "weapon_trait": 2124,
      "icon": "https://render.guildwars2.com/file/06DFB7E3F267ADD0BB43C7383251343858371D02/1769896.png",
      "background": "https://render.guildwars2.com/file/C0D57D3B17CC0408A2EE17FE2BA0C80A4E1838FA/1769905.png",
      "profession_icon_big": "https://render.guildwars2.com/file/342C1C032B5513EF1CC5082592A8D8A6EEC33197/1770222.png",
      "profession_icon": "https://render.guildwars2.com/file/C105F67C30BBD0FE0A26CB97E90B481419927D50/1770223.png"
    },
    {
      "id": 68,
      "name": "Bladesworn",
      "profession": "Warrior",
      "elite": true,
      "minor_traits": [
        2226,
        2242,
        2236
      ],
      "major_traits": [
        2237,
        2260,
        2225,
        2253,
        2302,
        2303,
        2261,
        2239,
        2245
      ],
      "weapon_trait": 2256,
      "icon": "https://render.guildwars2.com/file/9D0ADEDFDEACCCD2B27103A944B1E7F6C21DCBE2/2491509.png",
      "background": "https://render.guildwars2.com/file/0E061BA341496AF47752A5A22578BCD67BF42D77/2491512.png",
      "profession_icon_big": "https://render.guildwars2.com/file/713A5A366FB6A25F1C973C067202DA1B46E3CDAC/2491563.png",
      "profession_icon": "https://render.guildwars2.com/file/F73D52559DEA5FC92CD4FAF2557E050BC1516A7C/2491565.png"
    },
    {
      "id": 74,
      "name": "Paragon",
      "profession": "Warrior",
      "elite": true,
      "minor_traits": [
        2373,
        2418,
        2340
      ],
      "major_traits": [
        2345,
        2433,
        2357,
        2385,
        2426,
        2399,
        2369,
        2375,
        2428
      ],
      "icon": "https://render.guildwars2.com/file/B915D599CB40733130F7121B5CDE0BE42ED9E06C/3679904.png",
      "background": "https://render.guildwars2.com/file/F879AC0997C964DE562D98A5BC4EA60BC7C22849/3679913.png",
      "profession_icon_big": "https://render.guildwars2.com/file/41790FF97C08349151F9B813030FA7F4E06D0E78/3680091.png",
      "profession_icon": "https://render.guildwars2.com/file/C9CB4FD2DA9B7B3DA3A706C4B991E15E9D6B0CB8/3680093.png"
    }
  ],
  "Engineer": [
    {
      "id": 6,
      "name": "Explosives",
      "profession": "Engineer",
      "elite": false,
      "minor_traits": [
        432,
        517,
        429
      ],
      "major_traits": [
        514,
        525,
        1882,
        482,
        1892,
        1944,
        1541,
        505,
        1947
      ],
      "icon": "https://render.guildwars2.com/file/7DCC0CC4CE0E550C36F37F65469FF3103E2F2DA5/1011989.png",
      "background": "https://render.guildwars2.com/file/159455B54672DF9C9BEEC2EB13E05DB07E757E02/1012041.png"
    },
    {
      "id": 38,
      "name": "Firearms",
      "profession": "Engineer",
      "elite": false,
      "minor_traits": [
        515,
        536,
        516
      ],
      "major_traits": [
        1878,
        1930,
        1914,
        1984,
        2006,
        1923,
        510,
        526,
        433
      ],
      "icon": "https://render.guildwars2.com/file/67A2C92B59BC94EDD3D857C2DD18E1A02A631F98/1011990.png",
      "background": "https://render.guildwars2.com/file/2A37FAA50318E4BAE2B193D7A1DF30AAFCE7B139/1012042.png"
    },
    {
      "id": 47,
      "name": "Inventions",
      "profession": "Engineer",
      "elite": false,
      "minor_traits": [
        518,
        508,
        519
      ],
      "major_traits": [
        394,
        1901,
        507,
        1678,
        1834,
        445,
        472,
        1680,
        1916
      ],
      "icon": "https://render.guildwars2.com/file/91F9AF48FA1DDEB66A449095A4E1A6E901AE203D/1011992.png",
      "background": "https://render.guildwars2.com/file/807C3D97D8B6A25E47B49C905B081419A779201D/1012043.png"
    },
    {
      "id": 29,
      "name": "Alchemy",
      "profession": "Engineer",
      "elite": false,
      "minor_traits": [
        468,
        487,
        413
      ],
      "major_traits": [
        396,
        509,
        521,
        520,
        469,
        470,
        473,
        1871,
        1854
      ],
      "icon": "https://render.guildwars2.com/file/2AD4CD9B66F349A6CBC006A14848CF531E97396D/1011988.png",
      "background": "https://render.guildwars2.com/file/A89F18BA0F9A53E662BAE3F39C705559A97B407F/1012040.png"
    },
    {
      "id": 21,
      "name": "Tools",
      "profession": "Engineer",
      "elite": false,
      "minor_traits": [
        1979,
        1872,
        1936
      ],
      "major_traits": [
        532,
        1997,
        531,
        512,
        1946,
        1832,
        1856,
        523,
        1679
      ],
      "icon": "https://render.guildwars2.com/file/2CBB5AE626A47DF79C9294ECA61D77922A123600/1011993.png",
      "background": "https://render.guildwars2.com/file/4E906A6B625209A213085FD65DB9A4457726759D/1012044.png"
    },
    {
      "id": 43,
      "name": "Scrapper",
      "profession": "Engineer",
      "elite": true,
      "minor_traits": [
        1959,
        2014,
        1877
      ],
      "major_traits": [
        1917,
        1971,
        1867,
        1954,
        1999,
        1860,
        1981,
        2052,
        1849
      ],
      "weapon_trait": 1951,
      "icon": "https://render.guildwars2.com/file/FEB1B8C559DDB5A04F9C0579F741080259FEF841/1011991.png",
      "background": "https://render.guildwars2.com/file/011D6BF69FF9A9F6E3DCBA1197BAA9281067FF01/1128516.png",
      "profession_icon_big": "https://render.guildwars2.com/file/21C007BE69070E099BF05B4ED04A2D2B90B8FB1F/1128580.png",
      "profession_icon": "https://render.guildwars2.com/file/5749382E61E622D8E9E00FA60D4CEAADA3E12715/1128581.png"
    },
    {
      "id": 57,
      "name": "Holosmith",
      "profession": "Engineer",
      "elite": true,
      "minor_traits": [
        2158,
        2135,
        2122
      ],
      "major_traits": [
        2114,
        2157,
        2106,
        2103,
        2152,
        2091,
        2066,
        2137,
        2064
      ],
      "weapon_trait": 2125,
      "icon": "https://render.guildwars2.com/file/F41CDEE4603FC0741669A7F2A7E977D36123DF7C/1769889.png",
      "background": "https://render.guildwars2.com/file/FF0814C6EFA56F9ADA0B3EA7986BADF120F7D11D/1769898.png",
      "profession_icon_big": "https://render.guildwars2.com/file/A84BD2D74D3239451E3FF4EFC0F6A146F3F6653E/1770224.png",
      "profession_icon": "https://render.guildwars2.com/file/5DCFFC66A63466DFEBD29ACFA605CF00C708CBF3/1770225.png"
    },
    {
      "id": 70,
      "name": "Mechanist",
      "profession": "Engineer",
      "elite": true,
      "minor_traits": [
        2291,
        2266,
        2267
      ],
      "major_traits": [
        2282,
        2296,
        2279,
        2270,
        2276,
        2294,
        2292,
        2281,
        2298
      ],
      "weapon_trait": 2265,
      "icon": "https://render.guildwars2.com/file/F86CDF34404C0B5A01CD0CBB9D7D0DC1D8CC48CF/2503608.png",
      "background": "https://render.guildwars2.com/file/19C21A9C04620227042E483758962301EFC030D4/2503611.png",
      "profession_icon_big": "https://render.guildwars2.com/file/0C1E094E7708207A9AC6BE46C3CD39B46AEDE77A/2503656.png",
      "profession_icon": "https://render.guildwars2.com/file/CA303ADC0BBE9F9591C5C4A2C4740FD59E6EEE55/2503658.png"
    },
    {
      "id": 75,
      "name": "Amalgam",
      "profession": "Engineer",
      "elite": true,
      "minor_traits": [
        2377,
        2389,
        2356
      ],
      "major_traits": [
        2366,
        2395,
        2434,
        2383,
        2420,
        2349,
        2406,
        2387,
        2334
      ],
      "icon": "https://render.guildwars2.com/file/67AA599996662C5BA8427FA7BA6FF8B4ED221B0D/3679897.png",
      "background": "https://render.guildwars2.com/file/094F0711ADF50A3F013F2963C5B03215626C96A8/3679906.png",
      "profession_icon_big": "https://render.guildwars2.com/file/53CA9852D74F9543E2F772E9B475A5E9CA64F2AE/3680063.png",
      "profession_icon": "https://render.guildwars2.com/file/0AF363EC11D1A4B6E507F8D92FA116619B1B3B0E/3680065.png"
    }
  ],
  "Ranger": [
    {
      "id": 8,
      "name": "Marksmanship",
      "profession": "Ranger",
      "elite": false,
      "minor_traits": [
        1010,
        1009,
        1011
      ],
      "major_traits": [
        1021,
        1014,
        986,
        1001,
        1000,
        1070,
        996,
        1015,
        1698
      ],
      "icon": "https://render.guildwars2.com/file/80FEB75663DAE60BAC59495671261C206C0BAFC3/1012014.png",
      "background": "https://render.guildwars2.com/file/100CE796CC2318DA62D2189A02BAAD2AE91BCE1F/1012079.png"
    },
    {
      "id": 30,
      "name": "Skirmishing",
      "profession": "Ranger",
      "elite": false,
      "minor_traits": [
        1080,
        1083,
        1068
      ],
      "major_traits": [
        1069,
        1067,
        1075,
        1016,
        1700,
        1846,
        1064,
        1912,
        1888
      ],
      "icon": "https://render.guildwars2.com/file/A026F49FF905C0F8AFAC6EDFDE281AABE1912459/1012016.png",
      "background": "https://render.guildwars2.com/file/08D1BEEC43F45C02DE59AE9010B9391F1FCA2966/1012083.png"
    },
    {
      "id": 33,
      "name": "Wilderness Survival",
      "profession": "Ranger",
      "elite": false,
      "minor_traits": [
        1096,
        1090,
        1089
      ],
      "major_traits": [
        1098,
        1086,
        1099,
        1101,
        2032,
        1100,
        1094,
        1699,
        1701
      ],
      "icon": "https://render.guildwars2.com/file/BEDA4B0CCD2E6F5F5C64509D67D3454E47D019F3/1012017.png",
      "background": "https://render.guildwars2.com/file/417DC1B29EF0EADBD9CBE15B462B2D5B6AF328DA/1012085.png"
    },
    {
      "id": 25,
      "name": "Nature Magic",
      "profession": "Ranger",
      "elite": false,
      "minor_traits": [
        1055,
        1056,
        1059
      ],
      "major_traits": [
        1062,
        978,
        1060,
        1054,
        965,
        964,
        1038,
        1988,
        1697
      ],
      "icon": "https://render.guildwars2.com/file/DC7A387D9AB3EACCDA35AEA872E4EA1007139612/1012015.png",
      "background": "https://render.guildwars2.com/file/01B5C3050EAFB0C47065C333C8AA2B4255374DA7/1012081.png"
    },
    {
      "id": 32,
      "name": "Beastmastery",
      "profession": "Ranger",
      "elite": false,
      "minor_traits": [
        1900,
        974,
        1065
      ],
      "major_traits": [
        1861,
        1072,
        1606,
        975,
        1047,
        970,
        1945,
        968,
        1066
      ],
      "icon": "https://render.guildwars2.com/file/02D851E1D7186112786D0F67910B58FACB5CCCF6/1012012.png",
      "background": "https://render.guildwars2.com/file/4727784BBF467241CA9F29E4FEDE487FD33E2809/1012075.png"
    },
    {
      "id": 5,
      "name": "Druid",
      "profession": "Ranger",
      "elite": true,
      "minor_traits": [
        1874,
        1862,
        1992
      ],
      "major_traits": [
        1868,
        2016,
        1935,
        2053,
        2001,
        2056,
        2057,
        2058,
        2055
      ],
      "weapon_trait": 1965,
      "icon": "https://render.guildwars2.com/file/BE10CB10D8446208729934F3F1BD3A54BEED9AD6/1012013.png",
      "background": "https://render.guildwars2.com/file/306D6ED9D3F09FF5552609EC7DA2046ECD114F90/1012077.png",
      "profession_icon_big": "https://render.guildwars2.com/file/F910F8BBCAF80355FFDB264160C899594300D7B2/1128574.png",
      "profession_icon": "https://render.guildwars2.com/file/033CFD3270277F38215AE60574BCC2000873BDFF/1128575.png"
    },
    {
      "id": 55,
      "name": "Soulbeast",
      "profession": "Ranger",
      "elite": true,
      "minor_traits": [
        2151,
        2156,
        2127
      ],
      "major_traits": [
        2134,
        2071,
        2072,
        2119,
        2085,
        2161,
        2155,
        2128,
        2143
      ],
      "weapon_trait": 2088,
      "icon": "https://render.guildwars2.com/file/0AA4A2C62C4F2D0E0D59DBEE9C63EB4AF472F0C5/1769893.png",
      "background": "https://render.guildwars2.com/file/D624537D6B50C90B2A329EB16CF8911BDD4C0107/1769902.png",
      "profession_icon_big": "https://render.guildwars2.com/file/7257FBD9A35002DC5155062773D305353AF45E2F/1770214.png",
      "profession_icon": "https://render.guildwars2.com/file/F80AC2AFAAF55C0F7F012C7EBECC90FD01F27FE9/1770215.png"
    },
    {
      "id": 72,
      "name": "Untamed",
      "profession": "Ranger",
      "elite": true,
      "minor_traits": [
        2268,
        2286,
        2269
      ],
      "major_traits": [
        2297,
        2277,
        2301,
        2263,
        2287,
        2278,
        2271,
        2283,
        2274
      ],
      "weapon_trait": 2273,
      "icon": "https://render.guildwars2.com/file/D219A813B5312BA9D1D10A74C10E9E5F3F54936B/2503609.png",
      "background": "https://render.guildwars2.com/file/ED44DB9901D82D760DC5B8A918BB603DA06B3257/2503612.png",
      "profession_icon_big": "https://render.guildwars2.com/file/AAAB98C6F974A456B5EA09EBC93DC47FCC40521F/2503660.png",
      "profession_icon": "https://render.guildwars2.com/file/E208D91FD7A1D1035364D252F24D75F9FCC706C6/2503662.png"
    },
    {
      "id": 78,
      "name": "Galeshot",
      "profession": "Ranger",
      "elite": true,
      "minor_traits": [
        2359,
        2363,
        2341
      ],
      "major_traits": [
        2402,
        2370,
        2360,
        2408,
        2413,
        2396,
        2425,
        2336,
        2372
      ],
      "icon": "https://render.guildwars2.com/file/1E0DE9DF219380B3DD15AD35466461C935930515/3679901.png",
      "background": "https://render.guildwars2.com/file/4BC6740C765896B9EE6E38671BD204B7A82535F9/3679910.png",
      "profession_icon_big": "https://render.guildwars2.com/file/DF66F479DE7C1E4C0557CD9F2DA3D7EB74E0C73D/3680079.png",
      "profession_icon": "https://render.guildwars2.com/file/229C6E937EEDFF36AACF360F37059FC1D401D7F6/3680081.png"
    }
  ],
  "Thief": [
    {
      "id": 28,
      "name": "Deadly Arts",
      "profession": "Thief",
      "elite": false,
      "minor_traits": [
        1279,
        1280,
        1257
      ],
      "major_traits": [
        1245,
        1276,
        1164,
        1169,
        1292,
        1704,
        1291,
        1167,
        1269
      ],
      "icon": "https://render.guildwars2.com/file/38F6FA9A5D04CEC605AF6E5D994119281A38A9FA/1012026.png",
      "background": "https://render.guildwars2.com/file/2AA7FB65630AD540E204982978DA9601023B540E/1012102.png"
    },
    {
      "id": 35,
      "name": "Critical Strikes",
      "profession": "Thief",
      "elite": false,
      "minor_traits": [
        1281,
        1210,
        1282
      ],
      "major_traits": [
        1209,
        1267,
        1268,
        1170,
        1272,
        1299,
        1904,
        1215,
        1702
      ],
      "icon": "https://render.guildwars2.com/file/1CDB2736E6CAF79A1B549B06CDED717B3418F7B1/1012024.png",
      "background": "https://render.guildwars2.com/file/29C9C0E8F16ADC18F745CA93CB58BA0C164B5CE1/1012100.png"
    },
    {
      "id": 20,
      "name": "Shadow Arts",
      "profession": "Thief",
      "elite": false,
      "minor_traits": [
        1294,
        1136,
        1705
      ],
      "major_traits": [
        1160,
        1293,
        1284,
        1297,
        1130,
        1300,
        1134,
        1135,
        1162
      ],
      "icon": "https://render.guildwars2.com/file/B62E5512754BEB1D0116B1DB3B6FA0ECA4DD630C/1012027.png",
      "background": "https://render.guildwars2.com/file/6943976957615E2337BE6B38292BAEB23C2BAAB9/1012103.png"
    },
    {
      "id": 54,
      "name": "Acrobatics",
      "profession": "Thief",
      "elite": false,
      "minor_traits": [
        1240,
        1234,
        1242
      ],
      "major_traits": [
        1112,
        1289,
        1237,
        1241,
        1192,
        1290,
        1238,
        1295,
        1703
      ],
      "icon": "https://render.guildwars2.com/file/E109FF4E65CD3FA4AAC20E9D219C4D5207E1E461/1012023.png",
      "background": "https://render.guildwars2.com/file/0CACB74F6E36F80921C6D6F2F0786B6C1CCCDCA4/1012099.png"
    },
    {
      "id": 44,
      "name": "Trickery",
      "profession": "Thief",
      "elite": false,
      "minor_traits": [
        1137,
        1232,
        1157
      ],
      "major_traits": [
        1159,
        1252,
        1163,
        1277,
        1286,
        1190,
        1187,
        1158,
        1706
      ],
      "icon": "https://render.guildwars2.com/file/06BF06CDA7150617C5E075265C1E2F15E84B3D64/1012028.png",
      "background": "https://render.guildwars2.com/file/00CDEB242E93EA19125E48B556D2069639D03DBF/1012104.png"
    },
    {
      "id": 7,
      "name": "Daredevil",
      "profession": "Thief",
      "elite": true,
      "minor_traits": [
        1994,
        1887,
        1837
      ],
      "major_traits": [
        1933,
        2023,
        1949,
        1884,
        1893,
        1975,
        1833,
        1964,
        2047
      ],
      "weapon_trait": 1957,
      "icon": "https://render.guildwars2.com/file/F1985D4E1CE043D7145E030C0AC4CFDABED73A59/1012025.png",
      "background": "https://render.guildwars2.com/file/B969F9B27EE82CBF0E4651FD0F760F702CB5FCED/1012101.png",
      "profession_icon_big": "https://render.guildwars2.com/file/232D31C9A3076F6A6B41167FBDA7D50F70C82260/1128570.png",
      "profession_icon": "https://render.guildwars2.com/file/CEA6755F350FAAE9A7D8796CF8CC10FA1E33081D/1128571.png"
    },
    {
      "id": 58,
      "name": "Deadeye",
      "profession": "Thief",
      "elite": true,
      "minor_traits": [
        2171,
        2172,
        2084
      ],
      "major_traits": [
        2145,
        2173,
        2136,
        2118,
        2078,
        2160,
        2111,
        2093,
        2146
      ],
      "weapon_trait": 2129,
      "icon": "https://render.guildwars2.com/file/F93EF1717238E9ACC1CA330D4416D324AE08585D/1769895.png",
      "background": "https://render.guildwars2.com/file/09B7D10707C7095C050B34ED68E3E3BB06626C7A/1769904.png",
      "profession_icon_big": "https://render.guildwars2.com/file/2BE4F4AB7F69206BBDABB20CACB1DC7911B33F4E/1770212.png",
      "profession_icon": "https://render.guildwars2.com/file/E4CDA974AF47D2336E02211E4667FE5C9579774F/1770213.png"
    },
    {
      "id": 71,
      "name": "Specter",
      "profession": "Thief",
      "elite": true,
      "minor_traits": [
        2184,
        2272,
        2280
      ],
      "major_traits": [
        2284,
        2299,
        2275,
        2290,
        2288,
        2285,
        2264,
        2300,
        2289
      ],
      "weapon_trait": 2295,
      "icon": "https://render.guildwars2.com/file/E915E494C64037C93AB53FB6F2D414B468DBCA48/2503610.png",
      "background": "https://render.guildwars2.com/file/BF7507EF23027CA6CAD12C586D7D7EAA05962249/2503613.png",
      "profession_icon_big": "https://render.guildwars2.com/file/ECC123FEEAF1B8450B017253510113E4800C34B6/2503664.png",
      "profession_icon": "https://render.guildwars2.com/file/DD5E09D55662BEBFE1CF4FA32C28E4023A2D09EB/2503666.png"
    },
    {
      "id": 77,
      "name": "Antiquary",
      "profession": "Thief",
      "elite": true,
      "minor_traits": [
        2403,
        2337,
        2362
      ],
      "major_traits": [
        2423,
        2365,
        2346,
        2400,
        2431,
        2350,
        2409,
        2393,
        2348
      ],
      "icon": "https://render.guildwars2.com/file/569D3C9A9E7121939844809F0D05E81480C8F6F8/3679903.png",
      "background": "https://render.guildwars2.com/file/32E896AC6766E272C8910B6170394A3575C0D335/3679912.png",
      "profession_icon_big": "https://render.guildwars2.com/file/97D6737DB5D2B2EE1713B906C1D41C76CCEC994A/3680087.png",
      "profession_icon": "https://render.guildwars2.com/file/411B80D69C4324E84D9C050955B0040F66D7DFA1/3680089.png"
    }
  ],
  "Elementalist": [
    {
      "id": 31,
      "name": "Fire",
      "profession": "Elementalist",
      "elite": false,
      "minor_traits": [
        320,
        318,
        319
      ],
      "major_traits": [
        296,
        328,
        335,
        325,
        340,
        334,
        1510,
        294,
        1675
      ],
      "icon": "https://render.guildwars2.com/file/B4BDAB2452DEF1A34615DDC4F30A157DADC743C5/1011986.png",
      "background": "https://render.guildwars2.com/file/6BB3E8FDEA6E679050D59E411A4AA956D347B045/1012038.png"
    },
    {
      "id": 41,
      "name": "Air",
      "profession": "Elementalist",
      "elite": false,
      "minor_traits": [
        221,
        222,
        223
      ],
      "major_traits": [
        227,
        224,
        232,
        229,
        214,
        1502,
        226,
        1503,
        1672
      ],
      "icon": "https://render.guildwars2.com/file/D3DB62FF6055021A717F3C6A0C19502F2C4EC1FF/1011983.png",
      "background": "https://render.guildwars2.com/file/97BE972EC832ABC4F8645FF4A063EFF89B2942B8/1012034.png"
    },
    {
      "id": 26,
      "name": "Earth",
      "profession": "Elementalist",
      "elite": false,
      "minor_traits": [
        278,
        279,
        280
      ],
      "major_traits": [
        282,
        1507,
        289,
        275,
        281,
        277,
        1508,
        287,
        1674
      ],
      "icon": "https://render.guildwars2.com/file/BA6BC962A7ABA1330B3AC4141299397C0036559F/1011985.png",
      "background": "https://render.guildwars2.com/file/B9C5BE9716010E3F7F170A52B5B272327CDA49A1/1012037.png"
    },
    {
      "id": 17,
      "name": "Water",
      "profession": "Elementalist",
      "elite": false,
      "minor_traits": [
        350,
        351,
        1676
      ],
      "major_traits": [
        348,
        363,
        360,
        364,
        358,
        349,
        362,
        361,
        2028
      ],
      "icon": "https://render.guildwars2.com/file/A3D60C0EBE0B33907505C7DED0FD4E4DE565250F/1011987.png",
      "background": "https://render.guildwars2.com/file/F99A435D26057D6865ECBD0794B73D35A69FBB58/1012039.png"
    },
    {
      "id": 37,
      "name": "Arcane",
      "profession": "Elementalist",
      "elite": false,
      "minor_traits": [
        268,
        264,
        2004
      ],
      "major_traits": [
        253,
        266,
        1487,
        265,
        1673,
        257,
        238,
        263,
        1511
      ],
      "icon": "https://render.guildwars2.com/file/C7F4C199EC07D0E6CC9417C6F53F53FDD3F92947/1011984.png",
      "background": "https://render.guildwars2.com/file/01F1264B9F05CC52E46434C53DF6BA2A57CE21C5/1012035.png"
    },
    {
      "id": 48,
      "name": "Tempest",
      "profession": "Elementalist",
      "elite": true,
      "minor_traits": [
        2025,
        1938,
        1948
      ],
      "major_traits": [
        1952,
        1962,
        1886,
        1891,
        1902,
        2015,
        1839,
        2033,
        1986
      ],
      "weapon_trait": 2036,
      "icon": "https://render.guildwars2.com/file/D1970ABC09D07B4275C7E47DDD0EDC0F4CFC050C/1029930.png",
      "background": "https://render.guildwars2.com/file/D22197110A38F5651AA3F4C23914A197DD2C5BA1/1029936.png",
      "profession_icon_big": "https://render.guildwars2.com/file/CDE1093102F02010B30FB210F2AC77A5F00C2535/1128582.png",
      "profession_icon": "https://render.guildwars2.com/file/BC1D0645C1304238F6154C9F366DEBD014FD7AD4/1128583.png"
    },
    {
      "id": 56,
      "name": "Weaver",
      "profession": "Elementalist",
      "elite": true,
      "minor_traits": [
        2109,
        2077,
        2081
      ],
      "major_traits": [
        2177,
        2165,
        2115,
        2180,
        2061,
        2170,
        2131,
        2090,
        2138
      ],
      "weapon_trait": 2149,
      "icon": "https://render.guildwars2.com/file/02FAA82BF2F5BF3E3AD89BCF05FF56B4C86139F4/1769888.png",
      "background": "https://render.guildwars2.com/file/C3D501E451AD49310F05B40924B20A3B7CB14E07/1769897.png",
      "profession_icon_big": "https://render.guildwars2.com/file/06F17108155842F0C37F3E7EF901ABB17D0C9232/1670505.png",
      "profession_icon": "https://render.guildwars2.com/file/C4B549D62A43E1BF490197E212B21879C4214008/1670506.png"
    },
    {
      "id": 67,
      "name": "Catalyst",
      "profession": "Elementalist",
      "elite": true,
      "minor_traits": [
        2227,
        2250,
        2231
      ],
      "major_traits": [
        2230,
        2252,
        2224,
        2247,
        2249,
        2234,
        2233,
        2241,
        2251
      ],
      "weapon_trait": 2246,
      "icon": "https://render.guildwars2.com/file/1DF8CD361899081107B504A02B01C9B3B3645970/2491507.png",
      "background": "https://render.guildwars2.com/file/379EA2AA09ED39F1312B20A6FBA835C6F893FA2E/2491510.png",
      "profession_icon_big": "https://render.guildwars2.com/file/DE06FCD8ABFEC30139690E9E0B481AF4EDCE41B1/2491555.png",
      "profession_icon": "https://render.guildwars2.com/file/220F40016450052CAEB4E5BC7A5A9A6078F0F124/2491557.png"
    },
    {
      "id": 80,
      "name": "Evoker",
      "profession": "Elementalist",
      "elite": true,
      "minor_traits": [
        2344,
        2382,
        2351
      ],
      "major_traits": [
        2391,
        2415,
        2354,
        2342,
        2380,
        2438,
        2335,
        2436,
        2437
      ],
      "icon": "https://render.guildwars2.com/file/A80E0721636B027711E408BF0ADFDCD3330920AA/3679896.png",
      "background": "https://render.guildwars2.com/file/393A550E0EA1C4A9CB3FB9CD4AE4DDDC01E6C1D3/3679905.png",
      "profession_icon_big": "https://render.guildwars2.com/file/630FAA28AA0C38D3190F40091B2701A10244A046/3680059.png",
      "profession_icon": "https://render.guildwars2.com/file/B4132092D803E7BC12A6E0DC756CED4F945197D2/3680061.png"
    }
  ],
  "Mesmer": [
    {
      "id": 10,
      "name": "Domination",
      "profession": "Mesmer",
      "elite": false,
      "minor_traits": [
        685,
        694,
        1941
      ],
      "major_traits": [
        686,
        682,
        687,
        693,
        713,
        712,
        681,
        680,
        1688
      ],
      "icon": "https://render.guildwars2.com/file/4B61EA5997709A5DC1E46FF50CEDF2A13C1F0C3D/1012002.png",
      "background": "https://render.guildwars2.com/file/2C436DDDC3244409EEBF470A0AE3ED7CED1F99C0/1012055.png"
    },
    {
      "id": 1,
      "name": "Dueling",
      "profession": "Mesmer",
      "elite": false,
      "minor_traits": [
        706,
        710,
        707
      ],
      "major_traits": [
        701,
        705,
        700,
        1889,
        1960,
        708,
        692,
        1950,
        704
      ],
      "icon": "https://render.guildwars2.com/file/43C5400906A104C60F30DFE0A145D1E767353573/1012003.png",
      "background": "https://render.guildwars2.com/file/992D53319C5FCD4AE841C592DC2AE91D5906AECF/1012057.png"
    },
    {
      "id": 45,
      "name": "Chaos",
      "profession": "Mesmer",
      "elite": false,
      "minor_traits": [
        666,
        667,
        1865
      ],
      "major_traits": [
        670,
        675,
        677,
        673,
        668,
        669,
        671,
        674,
        1687
      ],
      "icon": "https://render.guildwars2.com/file/7FD4DF076AFB31793EFA07220B35B427B3D406C3/1012000.png",
      "background": "https://render.guildwars2.com/file/B20B7C6DDC30F72207D9BE4FB87C2FDCDC292E90/1012051.png"
    },
    {
      "id": 23,
      "name": "Inspiration",
      "profession": "Mesmer",
      "elite": false,
      "minor_traits": [
        757,
        1852,
        1915
      ],
      "major_traits": [
        756,
        738,
        744,
        751,
        740,
        1980,
        2005,
        1866,
        752
      ],
      "icon": "https://render.guildwars2.com/file/BCC2C316C4FC2823679E0FD062C5A87E96E460CC/1012004.png",
      "background": "https://render.guildwars2.com/file/DC30B4FF5377E80F21F4E912E8D548B004C95042/1012059.png"
    },
    {
      "id": 24,
      "name": "Illusions",
      "profession": "Mesmer",
      "elite": false,
      "minor_traits": [
        734,
        723,
        731
      ],
      "major_traits": [
        721,
        1869,
        691,
        722,
        729,
        1690,
        733,
        2035,
        753
      ],
      "icon": "https://render.guildwars2.com/file/A6D57C63D9EFB3FE75C9DAF8CBE603D8F45A635F/1012005.png",
      "background": "https://render.guildwars2.com/file/B00D98B31B13416811B8484FC146C49B1E055BAC/1012061.png"
    },
    {
      "id": 40,
      "name": "Chronomancer",
      "profession": "Mesmer",
      "elite": true,
      "minor_traits": [
        2030,
        1927,
        1859
      ],
      "major_traits": [
        1838,
        1995,
        1987,
        2009,
        1913,
        1978,
        1942,
        2022,
        1890
      ],
      "weapon_trait": 1910,
      "icon": "https://render.guildwars2.com/file/D9C960059A69F4DB6604DAD6AF06D0F940E76754/1012001.png",
      "background": "https://render.guildwars2.com/file/9D9F0DA395FDB21423981FAC2CABC850CF7E0A62/1012053.png",
      "profession_icon_big": "https://render.guildwars2.com/file/4C919A74282939EC004333292A93A4073CCDFFFD/1128568.png",
      "profession_icon": "https://render.guildwars2.com/file/B0A3C5B4097705AE21E9CB78E53045E327F1C7C9/1128569.png"
    },
    {
      "id": 59,
      "name": "Mirage",
      "profession": "Mesmer",
      "elite": true,
      "minor_traits": [
        2150,
        2069,
        2117
      ],
      "major_traits": [
        2141,
        2082,
        2110,
        2178,
        2174,
        2098,
        2070,
        2113,
        2169
      ],
      "weapon_trait": 2087,
      "icon": "https://render.guildwars2.com/file/6403ECA8E6C1683E2C9D075A39C154ED3A7C04A1/1769891.png",
      "background": "https://render.guildwars2.com/file/BB67F76B46052E6E291AFE75807AFC7DD33563E4/1769900.png",
      "profession_icon_big": "https://render.guildwars2.com/file/A879752D07B7E8A154A952AC99D01EDC9FBC60A9/1770216.png",
      "profession_icon": "https://render.guildwars2.com/file/52285431289AE4FE39E8A21D4333E137A5EF0921/1770217.png"
    },
    {
      "id": 66,
      "name": "Virtuoso",
      "profession": "Mesmer",
      "elite": true,
      "minor_traits": [
        2216,
        2204,
        2193
      ],
      "major_traits": [
        2212,
        2208,
        2202,
        2215,
        2205,
        2207,
        2211,
        2206,
        2223
      ],
      "weapon_trait": 2214,
      "icon": "https://render.guildwars2.com/file/7B0F5E48320F35C0C6A2013ACF63F4C17B1105A5/2479303.png",
      "background": "https://render.guildwars2.com/file/97632575F6E89EB62A0AC8AF1DE7DFB060312317/2479306.png",
      "profession_icon_big": "https://render.guildwars2.com/file/67EC28331F55782A7FFC386E455F5EE6913A126E/2479355.png",
      "profession_icon": "https://render.guildwars2.com/file/C6480FD498E66EE5AEFBAF01EDF944631947DBA5/2479357.png"
    },
    {
      "id": 73,
      "name": "Troubadour",
      "profession": "Mesmer",
      "elite": true,
      "minor_traits": [
        2386,
        2424,
        2374
      ],
      "major_traits": [
        2427,
        2326,
        2432,
        2343,
        2367,
        2422,
        2353,
        2414,
        2441
      ],
      "icon": "https://render.guildwars2.com/file/0FDD99E8B7A7FB4B06186C0756E02C0515520F75/3679899.png",
      "background": "https://render.guildwars2.com/file/A9AF4BB7BC18AB4871B7D69EBEDEB344CD59D3DE/3679908.png",
      "profession_icon_big": "https://render.guildwars2.com/file/0DF49BF0BFCCB7DEC6B4C29657E0CE09C990E84D/3680071.png",
      "profession_icon": "https://render.guildwars2.com/file/1ACAEDF680C0FAF9081780D8F925B5E854DFA9F4/3680073.png"
    }
  ],
  "Necromancer": [
    {
      "id": 53,
      "name": "Spite",
      "profession": "Necromancer",
      "elite": false,
      "minor_traits": [
        913,
        915,
        917
      ],
      "major_traits": [
        914,
        916,
        1863,
        899,
        829,
        909,
        919,
        853,
        903
      ],
      "icon": "https://render.guildwars2.com/file/2D34377B04051FFDCDB553C7DCDABCD5DFBB68D7/1012011.png",
      "background": "https://render.guildwars2.com/file/DDF39DBD61CCC1BCDD03B271080869251D097041/1012073.png"
    },
    {
      "id": 39,
      "name": "Curses",
      "profession": "Necromancer",
      "elite": false,
      "minor_traits": [
        802,
        803,
        810
      ],
      "major_traits": [
        1883,
        2013,
        815,
        816,
        1693,
        812,
        813,
        1696,
        801
      ],
      "icon": "https://render.guildwars2.com/file/C8E1A81601C3D5AC10285505E9F730621C3357CD/1012007.png",
      "background": "https://render.guildwars2.com/file/71E7075E1AC9460AA507A630B54D1395DA465B2D/1012065.png"
    },
    {
      "id": 2,
      "name": "Death Magic",
      "profession": "Necromancer",
      "elite": false,
      "minor_traits": [
        856,
        839,
        1929
      ],
      "major_traits": [
        820,
        857,
        1922,
        858,
        860,
        855,
        842,
        1940,
        1694
      ],
      "icon": "https://render.guildwars2.com/file/16663C1CDF532AB0DCC0CB08951DD2F49351D5D4/1012008.png",
      "background": "https://render.guildwars2.com/file/B3F92D581B0A036CABB51590E6E560B21708391F/1012067.png"
    },
    {
      "id": 19,
      "name": "Blood Magic",
      "profession": "Necromancer",
      "elite": false,
      "minor_traits": [
        792,
        783,
        1931
      ],
      "major_traits": [
        780,
        788,
        1876,
        789,
        799,
        1844,
        782,
        1692,
        778
      ],
      "icon": "https://render.guildwars2.com/file/D1D9C63AD9CC05FC1B19970556B0C1E0ADD77905/1012006.png",
      "background": "https://render.guildwars2.com/file/47F5CA90475E566650EF540BA82CA69C1C0332B1/1012063.png"
    },
    {
      "id": 50,
      "name": "Soul Reaping",
      "profession": "Necromancer",
      "elite": false,
      "minor_traits": [
        887,
        891,
        874
      ],
      "major_traits": [
        875,
        898,
        888,
        894,
        861,
        892,
        889,
        893,
        905
      ],
      "icon": "https://render.guildwars2.com/file/A5A95CB5FADD99F59E07400907F0782B659574A9/1012010.png",
      "background": "https://render.guildwars2.com/file/0956926B4A5109E07EFAB556E5DBEDCBC2B67C3B/1012071.png"
    },
    {
      "id": 34,
      "name": "Reaper",
      "profession": "Necromancer",
      "elite": true,
      "minor_traits": [
        1905,
        1879,
        2018
      ],
      "major_traits": [
        1974,
        2020,
        2026,
        1969,
        2008,
        2031,
        1932,
        1919,
        2021
      ],
      "weapon_trait": 1985,
      "icon": "https://render.guildwars2.com/file/530A582BD864B73AF5CC6C44F9C61954322D9A15/1012009.png",
      "background": "https://render.guildwars2.com/file/3717FBED4FDCD060925205DD09B15C0598E062F4/1012069.png",
      "profession_icon_big": "https://render.guildwars2.com/file/C9A2C304CFBFA3CBBF41DA0EE756C519F5050D5F/1128578.png",
      "profession_icon": "https://render.guildwars2.com/file/6E9C230241E83DFCAA0B0C11ED32ED0CB605C0EC/1128579.png"
    },
    {
      "id": 60,
      "name": "Scourge",
      "profession": "Necromancer",
      "elite": true,
      "minor_traits": [
        2147,
        2121,
        2096
      ],
      "major_traits": [
        2167,
        2074,
        2102,
        2059,
        2067,
        2123,
        2112,
        2164,
        2080
      ],
      "weapon_trait": 2144,
      "icon": "https://render.guildwars2.com/file/1407ADE7787A6BF6E457F5FA6DFA1062A5FA93FD/1769892.png",
      "background": "https://render.guildwars2.com/file/DEE244AB7045EE31941E222AE4A06A94DCB4360E/1769901.png",
      "profession_icon_big": "https://render.guildwars2.com/file/1556059855E5624F269B049F3D08B7B122B43906/1770220.png",
      "profession_icon": "https://render.guildwars2.com/file/B10D1AB5AA0B0CFE7D26A142E99414C26244359C/1770221.png"
    },
    {
      "id": 64,
      "name": "Harbinger",
      "profession": "Necromancer",
      "elite": true,
      "minor_traits": [
        2183,
        2186,
        2217
      ],
      "major_traits": [
        2188,
        2219,
        2185,
        2192,
        2220,
        2209,
        2218,
        2194,
        2203
      ],
      "weapon_trait": 2213,
      "icon": "https://render.guildwars2.com/file/75B05DF5ED51D0153838EC134CEFCFC80D97DA0E/2479304.png",
      "background": "https://render.guildwars2.com/file/0B3EEFCC210D5A2C9D91F5F4D4D5AE965B4A6420/2479307.png",
      "profession_icon_big": "https://render.guildwars2.com/file/3C3DDB0868067A172907A03A25710890923FDD97/2479359.png",
      "profession_icon": "https://render.guildwars2.com/file/14D0900962F99600047D73242F0AD0D3AC986EB7/2479361.png"
    },
    {
      "id": 76,
      "name": "Ritualist",
      "profession": "Necromancer",
      "elite": true,
      "minor_traits": [
        2338,
        2371,
        2398
      ],
      "major_traits": [
        2327,
        2378,
        2339,
        2384,
        2405,
        2421,
        2376,
        2333,
        2392
      ],
      "icon": "https://render.guildwars2.com/file/9064C22D08E4A7686FFB0256DDF42B97055EB144/3679900.png",
      "background": "https://render.guildwars2.com/file/B2050637E3F0091CB62E7EB5230F68CF35E8E2CD/3679909.png",
      "profession_icon_big": "https://render.guildwars2.com/file/49677E53AAD2F1C2DD269739436A5E011DEEAB17/3680075.png",
      "profession_icon": "https://render.guildwars2.com/file/0B54AE3EC9D45BA3010803A308F5B67F30BC34FF/3680077.png"
    }
  ],
  "Revenant": [
    {
      "id": 14,
      "name": "Corruption",
      "profession": "Revenant",
      "elite": false,
      "minor_traits": [
        1799,
        1801,
        1744
      ],
      "major_traits": [
        1793,
        1789,
        1741,
        1727,
        1726,
        1714,
        1795,
        1720,
        1721
      ],
      "icon": "https://render.guildwars2.com/file/FF4CBE97A807903DF3495E0ECC380E080291C698/1029931.png",
      "background": "https://render.guildwars2.com/file/5AB700B8AE15619DDD3CAFD60D0203E5EB23C3BE/1012087.png"
    },
    {
      "id": 9,
      "name": "Retribution",
      "profession": "Revenant",
      "elite": false,
      "minor_traits": [
        1783,
        1757,
        1713
      ],
      "major_traits": [
        1811,
        1728,
        1810,
        1766,
        1782,
        1740,
        1779,
        1770,
        1790
      ],
      "icon": "https://render.guildwars2.com/file/70B5F7E02769762D5FEE056D0136093BF3F580FF/1029933.png",
      "background": "https://render.guildwars2.com/file/E6100E7B7704EEC632AD5B399C3BE8A84D7F7CED/1012095.png"
    },
    {
      "id": 12,
      "name": "Salvation",
      "profession": "Revenant",
      "elite": false,
      "minor_traits": [
        1816,
        1821,
        1814
      ],
      "major_traits": [
        1823,
        1824,
        1822,
        1819,
        1817,
        1818,
        1815,
        1825,
        1820
      ],
      "icon": "https://render.guildwars2.com/file/0F0144B0E123163E0454B0C3D532282555BE7CE5/1029934.png",
      "background": "https://render.guildwars2.com/file/1043F6D2CFECB77BC21C70B43F580611E5DAD7CD/1012097.png"
    },
    {
      "id": 3,
      "name": "Invocation",
      "profession": "Revenant",
      "elite": false,
      "minor_traits": [
        1778,
        1758,
        1769
      ],
      "major_traits": [
        1732,
        1761,
        1784,
        1774,
        1760,
        1781,
        1749,
        1791,
        1719
      ],
      "icon": "https://render.guildwars2.com/file/2C4DCE5C0C255F32B51DCF9E4360106823EAF926/1012018.png",
      "background": "https://render.guildwars2.com/file/B73FB47165CB20DE21B1FAE91FE22BDE29B6FB76/1012093.png"
    },
    {
      "id": 15,
      "name": "Devastation",
      "profession": "Revenant",
      "elite": false,
      "minor_traits": [
        1808,
        1724,
        1792
      ],
      "major_traits": [
        1776,
        1767,
        1755,
        1786,
        1765,
        1802,
        1715,
        1800,
        1754
      ],
      "icon": "https://render.guildwars2.com/file/C95CAFC4DC0D2AF5DB0C66CB0E0B0FA699E45D6C/1029932.png",
      "background": "https://render.guildwars2.com/file/0744C43591FB9C11A7554C9601215CA8022F4216/1012089.png"
    },
    {
      "id": 52,
      "name": "Herald",
      "profession": "Revenant",
      "elite": true,
      "minor_traits": [
        1777,
        1737,
        1788
      ],
      "major_traits": [
        1813,
        1806,
        1716,
        1738,
        1743,
        1730,
        1746,
        1772,
        1803
      ],
      "weapon_trait": 2050,
      "icon": "https://render.guildwars2.com/file/78496E9E95C46527F8E0B974530A07A017DC9B79/1058520.png",
      "background": "https://render.guildwars2.com/file/F2EEC706430942BEC2D51565AECC13135DF304F8/1012091.png",
      "profession_icon_big": "https://render.guildwars2.com/file/513E3D33671326D32ABD070575017451AA229A08/1128576.png",
      "profession_icon": "https://render.guildwars2.com/file/0D29C2DC29FFD156082572B41310D00914029E6C/1128577.png"
    },
    {
      "id": 63,
      "name": "Renegade",
      "profession": "Revenant",
      "elite": true,
      "minor_traits": [
        2181,
        2154,
        2142
      ],
      "major_traits": [
        2166,
        2079,
        2120,
        2133,
        2092,
        2108,
        2094,
        2100,
        2182
      ],
      "weapon_trait": 2099,
      "icon": "https://render.guildwars2.com/file/0152279F7DD0FCFA21F2D1CC17DE21B2BD58EFF3/1769894.png",
      "background": "https://render.guildwars2.com/file/30377A5829605D7F1209B4064203A83F580548AD/1769903.png",
      "profession_icon_big": "https://render.guildwars2.com/file/132E53C7D89FB623402FE3A808EBF62B5C0A016F/1770218.png",
      "profession_icon": "https://render.guildwars2.com/file/A347E09ED9C6537C7D13EC212229468078C0F0E9/1770219.png"
    },
    {
      "id": 69,
      "name": "Vindicator",
      "profession": "Revenant",
      "elite": true,
      "minor_traits": [
        2262,
        2254,
        2229
      ],
      "major_traits": [
        2258,
        2248,
        2228,
        2259,
        2243,
        2255,
        2257,
        2232,
        2238
      ],
      "weapon_trait": 2235,
      "icon": "https://render.guildwars2.com/file/4FE40FD1ECD6C4EC45A32A2A740AC2E2A147E04F/2491508.png",
      "background": "https://render.guildwars2.com/file/4A16C39ED845A4062D8014E5A20135910B201BA4/2491511.png",
      "profession_icon_big": "https://render.guildwars2.com/file/DAA84AB8799206A5560B9FC4E42B15AEDA14DD0B/2491559.png",
      "profession_icon": "https://render.guildwars2.com/file/D9549F115AF045C846E9EFC4D51BF527B1F7F2F7/2491561.png"
    },
    {
      "id": 79,
      "name": "Conduit",
      "profession": "Revenant",
      "elite": true,
      "minor_traits": [
        2364,
        2331,
        2440
      ],
      "major_traits": [
        2390,
        2355,
        2407,
        2411,
        2358,
        2416,
        2429,
        2379,
        2352
      ],
      "icon": "https://render.guildwars2.com/file/63DD70A26845681B9B993A51987F60A2F7970C52/3679902.png",
      "background": "https://render.guildwars2.com/file/24DCBA06ED23E55A54953996025B07E46FFBC4B9/3679911.png",
      "profession_icon_big": "https://render.guildwars2.com/file/044FF2E93DA71F57C3EB41A4695750FDE0C82908/3680083.png",
      "profession_icon": "https://render.guildwars2.com/file/A0449B6C2253DB48E0B60E3AA9D55AF130ED2528/3680085.png"
    }
  ]
}